City_ID,City,Lat,Lng,Max Temp,Humidity,Cloudiness,Wind Speed,Country,Date
0,kapa'a,22.0752,-159.319,19.18,68,0,2.06,US,1738735897
1,puerto natales,-51.7236,-72.4875,4.82,95,88,2.21,CL,1738735898
2,al bawiti,28.3492,28.8659,13.36,68,100,3.34,EG,1738735899
3,tres arroyos,-38.3739,-60.2798,15.34,55,81,4.65,AR,1738735900
4,susuman,62.7833,148.1667,-40.22,97,37,0.31,RU,1738735902
5,edinburgh of the seven seas,-37.0676,-12.3116,16.84,76,46,7.86,SH,1738735904
6,whitehorse,60.7161,-135.0538,-21.22,75,49,1.34,CA,1738735905
7,waitangi,-43.9535,-176.5597,13.79,77,84,3.13,NZ,1738735906
8,port-aux-francais,-49.35,70.2167,5.51,96,91,10.54,TF,1738735907
9,mil'kovo,55.6078,37.7956,-1.32,69,54,5.89,RU,1738735909
10,yuzhno-kurilsk,44.0306,145.8556,-0.88,70,17,8.14,RU,1738735910
11,vilyuchinsk,52.9306,158.4028,-0.85,83,96,5.38,RU,1738735911
12,al aaroui,35.0118,-3.0045,7.5,91,0,0.71,MA,1738735913
13,haiku-pauwela,20.9219,-156.3051,21.25,86,40,7.15,US,1738735914
14,urengoy,65.9667,78.3667,-19.98,99,99,2.86,RU,1738735915
15,adamstown,-25.066,-130.1015,25.23,77,39,4.85,PN,1738735916
16,port saint john's,-31.6229,29.5448,26.53,84,97,4.42,ZA,1738735918
17,narvik,68.4384,17.4272,-1.77,95,100,5.41,NO,1738735919
18,rasskazovo,52.6714,41.9033,-1.67,82,100,6.72,RU,1738735920
19,avarua,-21.2078,-159.775,25.03,94,100,1.54,CK,1738735922
20,malmesbury,-33.4608,18.7271,18.89,75,30,3.12,ZA,1738735923
21,albany,42.6001,-73.9662,-6.91,64,20,4.08,US,1738735717
22,yellowknife,62.456,-114.3525,-10.88,97,100,3.09,CA,1738735925
23,bilibino,68.0546,166.4372,-42.41,94,19,1.76,RU,1738735926
24,ilo,-17.6394,-71.3375,22.45,85,39,3.18,PE,1738735929
25,horta,38.5333,-28.6333,17.79,95,99,9.83,PT,1738735931
26,ketchikan,55.3422,-131.6461,-2.03,28,0,1.54,US,1738735932
27,west island,-12.1568,96.8225,29.99,84,75,5.14,CC,1738735934
28,tazacorte,28.629,-17.9293,17.54,78,100,5.14,ES,1738735935
29,grytviken,-54.2811,-36.5092,1.92,96,73,6.14,GS,1738735936
30,fort st. john,56.2499,-120.8529,-31.8,100,17,0.82,CA,1738735937
31,petropavlovsk-kamchatsky,53.0452,158.6483,-1.67,47,40,9.0,RU,1738735939
32,aasiaat,68.7098,-52.8699,-21.85,97,100,2.68,GL,1738735940
33,ghadamis,30.1337,9.5007,8.1,40,80,4.33,LY,1738735941
34,saint-francois,46.4154,3.9054,-2.31,100,100,0.0,FR,1738735944
35,howard springs,-12.497,131.047,30.49,81,100,5.94,AU,1738735945
36,ben gardane,33.1378,11.2197,12.41,85,28,4.34,TN,1738735946
37,badger,64.8,-147.5333,-12.07,83,100,0.0,US,1738735947
38,hermanus,-34.4187,19.2345,17.11,78,67,4.34,ZA,1738735948
39,sandnessjoen,66.0217,12.6316,4.12,87,75,8.75,NO,1738735766
40,reggane,26.7158,0.1714,12.17,26,0,6.31,DZ,1738735951
41,pitea,65.3172,21.4794,0.72,98,100,6.7,SE,1738735952
42,bodo,67.28,14.405,-2.25,96,100,13.89,NO,1738735953
43,ouarzazat,30.9189,-6.8934,5.16,52,0,1.54,MA,1738735954
44,iqaluit,63.7506,-68.5145,-34.42,97,98,2.08,CA,1738735955
45,olinda,-8.0089,-34.8553,25.85,83,75,4.12,BR,1738735956
46,ola,59.5833,151.2833,-21.84,85,5,2.15,RU,1738735958
47,emerald,-23.5333,148.1667,21.88,92,100,4.56,AU,1738735959
48,port mathurin,-19.6833,63.4167,27.21,78,11,4.12,MU,1738735960
49,narasapur,16.45,81.6667,30.94,39,99,1.96,IN,1738735961
50,blackmans bay,-43.0167,147.3167,19.74,48,15,3.41,AU,1738735963
51,topolobampo,25.6,-109.05,14.82,51,0,0.71,MX,1738735964
52,puerto ayora,-0.7393,-90.3518,24.19,98,3,1.9,EC,1738735965
53,las palmas,28.4204,-14.0131,15.44,63,100,5.66,ES,1738735967
54,utrik,11.2278,169.8474,26.51,84,71,9.52,MH,1738735968
55,kingscliff,-28.2667,153.5667,24.89,94,100,2.06,AU,1738735969
56,thompson,55.7435,-97.8558,-19.12,80,15,6.04,CA,1738735971
57,talnakh,69.4865,88.3972,-24.01,88,92,2.94,RU,1738735972
58,shumen,43.2706,26.9229,-1.78,73,42,1.82,BG,1738735973
59,afaahiti,-17.75,-149.2833,26.45,78,30,5.55,PF,1738735974
60,villa gesell,-37.2639,-56.973,19.7,62,34,9.16,AR,1738735976
61,pecos,31.4229,-103.4932,17.15,47,0,0.0,US,1738735962
62,ribeira grande,38.5167,-28.7,18.21,95,100,9.83,PT,1738735978
63,nieuw amsterdam,5.8833,-55.0833,24.04,92,99,3.03,SR,1738735979
64,qaqortoq,60.7167,-46.0333,-19.38,66,55,5.49,GL,1738735980
65,luba,3.4568,8.5547,26.97,84,99,1.97,GQ,1738735983
66,kollegal,12.15,77.1167,30.04,24,10,4.37,IN,1738735984
67,ushuaia,-54.8,-68.3,5.73,95,100,2.48,AR,1738735866
68,north bend,43.4065,-124.2243,1.95,93,20,4.63,US,1738735802
69,luderitz,-26.6481,15.1594,20.54,58,83,5.33,NA,1738735987
70,monkey bay,-14.0728,34.9201,24.23,84,100,3.83,MW,1738735989
71,lihue,21.9789,-159.3672,18.77,68,0,2.06,US,1738735990
72,chernyshevsk,52.5243,117.0174,-19.09,85,100,5.62,RU,1738735992
73,puyo,-1.4667,-77.9833,19.46,92,96,1.66,EC,1738735993
74,udachny,66.4167,112.4,-24.32,96,100,3.36,RU,1738735994
75,dzhalagash,45.0833,64.6667,-2.29,58,100,7.0,KZ,1738735995
76,necochea,-38.5473,-58.7368,16.4,59,62,3.8,AR,1738735997
77,invercargill,-46.4,168.35,21.12,65,100,2.68,NZ,1738735998
78,olonkinbyen,70.9221,-8.7187,-1.77,79,90,9.44,SJ,1738735999
79,bagrationovsk,54.3871,20.6437,-0.28,82,91,2.64,RU,1738736000
80,ixtapa,20.7,-105.2,20.13,67,0,1.3,MX,1738736001
81,takanosu,40.2219,140.3694,-2.64,74,75,8.23,JP,1738736003
82,bedesa,8.9,40.7833,19.24,25,13,1.77,ET,1738736005
83,arno,60.1167,18.6333,2.3,82,95,6.36,SE,1738736006
84,remire-montjoly,4.9167,-52.2667,24.02,100,75,1.03,GF,1738736007
85,puerto aysen,-45.4,-72.7,6.15,96,50,0.56,CL,1738736008
86,tralee,52.2704,-9.7026,5.19,80,82,2.79,IE,1738736009
87,sao felix do xingu,-6.6447,-51.995,20.98,99,51,0.41,BR,1738736011
88,bonthe,7.5264,-12.505,22.25,81,100,1.46,SL,1738736012
89,egilsstadir,65.2653,-14.3948,-1.94,60,18,9.91,IS,1738735820
90,lensk,60.7253,114.9278,-29.01,89,100,1.33,RU,1738736014
91,meadow lake,34.8014,-106.5436,13.16,25,16,3.55,US,1738736016
92,hoima,1.4356,31.3436,25.72,32,92,0.98,UG,1738735745
93,yorkton,51.2167,-102.4677,-21.09,84,100,2.57,CA,1738736020
94,holualoa,19.6228,-155.9522,20.91,80,0,4.63,US,1738736021
95,tiksi,71.6872,128.8694,-27.62,93,100,3.38,RU,1738736022
96,st. john's,47.5649,-52.7093,-5.02,77,29,4.02,CA,1738735916
97,bardai,11.65,7.2333,17.07,12,9,4.52,NG,1738736025
98,jamestown,42.097,-79.2353,-8.02,79,100,4.63,US,1738735969
99,kaliua,-5.0606,31.7936,20.47,91,98,0.32,TZ,1738736027
100,vorgashor,67.5833,63.95,-16.83,95,84,3.5,RU,1738736028
101,pechora,65.1472,57.2244,-12.57,94,89,4.29,RU,1738736029
102,georgetown,5.4112,100.3354,31.96,46,20,2.68,MY,1738736030
103,sinabang,2.4803,96.3801,29.56,70,92,1.75,ID,1738736031
104,itoman,26.1247,127.6694,16.72,48,75,6.69,JP,1738736033
105,thunder bay,48.4001,-89.3168,-18.01,60,20,4.63,CA,1738736034
106,inhambane,-23.865,35.3833,27.72,64,31,3.65,MZ,1738736035
107,benito juarez,19.385,-99.165,14.91,54,0,2.06,MX,1738735745
108,barra de santo antonio,-9.4047,-35.5072,26.16,79,100,4.27,BR,1738736037
109,stanley,54.868,-1.6985,1.4,89,6,3.86,GB,1738736038
110,nagato,34.3833,131.2,1.62,53,100,10.79,JP,1738736039
111,karakoyunlu,39.8704,43.6301,-4.11,76,100,1.03,TR,1738736041
112,vilyuysk,63.7553,121.6247,-29.99,96,58,1.06,RU,1738736042
113,lebu,-37.6167,-73.65,14.17,80,11,3.12,CL,1738736043
114,kangding,30.0513,101.9603,11.26,44,30,2.16,CN,1738736045
115,natchez,31.5604,-91.4032,18.12,100,0,2.57,US,1738735824
116,broken hill,-31.95,141.4333,37.25,21,1,5.81,AU,1738736048
117,klyuchi,52.2667,79.1667,-8.42,94,85,4.88,RU,1738736049
118,tsiombe,-25.3,45.4833,26.71,73,90,6.21,MG,1738736054
119,port lincoln,-34.7333,135.8667,22.12,50,3,6.07,AU,1738736056
120,manghit,42.1156,60.0597,5.38,39,6,2.87,UZ,1738736057
121,la passe,45.5549,-0.8967,5.41,78,71,2.22,FR,1738736058
122,constantia,44.1833,28.65,-0.62,73,8,5.6,RO,1738736060
123,margaret river,-33.95,115.0667,28.66,46,17,7.76,AU,1738736061
124,bethel,41.3712,-73.414,-3.09,64,20,2.57,US,1738736063
125,puerto baquerizo moreno,-0.9,-89.6,24.02,88,4,2.97,EC,1738736064
126,kyshtovka,56.555,76.6271,-5.59,93,98,2.73,RU,1738736065
127,harstad,68.799,16.5293,0.09,89,100,4.92,NO,1738736066
128,pacific grove,36.6177,-121.9166,10.24,92,100,7.15,US,1738736067
129,rio grande,-32.035,-52.0986,23.71,96,5,3.8,BR,1738735870
130,hafar al-batin,28.4328,45.9708,16.32,25,40,8.23,SA,1738736070
131,hawaiian paradise park,19.5933,-154.9731,21.73,86,100,3.09,US,1738736071
132,fereydun kenar,36.6864,52.5225,9.77,59,67,0.33,IR,1738736072
133,buy,58.4786,41.53,-5.15,95,55,2.91,RU,1738736073
134,namibe,-15.1961,12.1522,24.54,80,100,0.57,AO,1738736075
135,teguise,29.0605,-13.564,14.12,63,20,4.63,ES,1738736076
136,forde,61.4522,5.8572,3.06,93,75,0.0,NO,1738736077
137,tokar,18.4254,37.729,26.56,67,25,9.22,SD,1738736079
138,papatowai,-46.5619,169.4708,18.34,64,100,1.65,NZ,1738736080
139,chibougamau,49.9168,-74.3659,-26.76,96,100,3.49,CA,1738735955
140,cockburn town,21.4612,-71.1419,24.61,76,32,9.1,TC,1738736082
141,salalah,17.0151,54.0924,25.05,25,0,2.06,OM,1738736083
142,berezovyy,51.6667,135.7,-14.64,94,100,4.25,RU,1738736084
143,lae,-6.7221,146.9847,28.59,61,100,0.48,PG,1738736086
144,horodok,49.1637,26.5839,-1.61,92,100,2.73,UA,1738736087
145,tofol,5.3248,163.0078,25.88,94,100,1.54,FM,1738736088
146,daloa,6.8774,-6.4502,19.51,37,24,0.94,CI,1738736089
147,suileng,47.25,127.0833,-18.83,83,81,3.64,CN,1738736090
148,borogontsy,62.6683,131.1683,-27.59,92,27,1.5,RU,1738735935
149,bikenibeu village,1.3673,173.1241,27.98,78,20,8.23,KI,1738736092
150,zabol,32.25,67.25,1.8,46,0,3.78,AF,1738736094
151,new norfolk,-42.7826,147.0587,20.4,31,12,3.2,AU,1738736095
152,tazovsky,67.4667,78.7,-21.55,100,100,2.97,RU,1738736096
153,blenheim,-41.516,173.9528,18.07,70,52,2.24,NZ,1738736098
154,tsetserleg,47.475,101.4542,-12.32,54,3,10.73,MN,1738736099
155,iskateley,67.6803,53.1512,-8.66,94,100,5.32,RU,1738736100
156,queenstown,-31.8976,26.8753,25.01,44,99,2.56,ZA,1738736101
157,galliano,29.4422,-90.2992,15.0,94,75,0.0,US,1738736103
158,aldan,58.6031,125.3894,-25.0,94,63,1.72,RU,1738736104
159,sisimiut,66.9395,-53.6735,-18.31,95,100,1.74,GL,1738736105
160,camacupa,-12.0167,17.4833,16.62,97,100,1.19,AO,1738736106
161,codrington,-38.2667,141.9667,19.03,59,19,8.15,AU,1738736107
162,tromso,69.6496,18.957,-1.99,86,75,11.83,NO,1738736108
163,hithadhoo,-0.6,73.0833,27.83,67,43,4.73,MV,1738736112
164,saldanha,-33.0117,17.9442,19.21,83,58,6.53,ZA,1738736113
165,chonchi,-42.6128,-73.8092,11.18,80,24,0.87,CL,1738736114
166,kenai,60.5544,-151.2583,-11.97,100,0,1.54,US,1738736115
167,praia da vitoria,38.7333,-27.0667,17.14,94,75,6.65,PT,1738736116
168,longyearbyen,78.2186,15.6401,-2.09,74,20,13.89,SJ,1738736118
169,atafu village,-8.5421,-172.5159,28.87,71,23,6.5,TK,1738736119
170,carbonear,47.7332,-53.2148,-5.48,79,6,7.85,CA,1738736114
171,polyarnyy,69.1989,33.4478,-12.71,83,100,11.65,RU,1738736121
172,babayevo,59.3936,35.9371,-12.41,97,40,0.95,RU,1738736122
173,nogliki,51.8333,143.1667,-2.77,94,100,13.22,RU,1738736123
174,las tablas,7.7667,-80.2833,23.99,99,4,5.84,PA,1738736125
175,vadso,70.0744,29.7487,-9.91,92,100,8.23,NO,1738736126
176,nar'yan-mar,67.6713,53.087,-8.81,94,100,5.25,RU,1738736127
177,piti village,13.4626,144.6933,29.49,77,100,8.23,GU,1738736128
178,isafjordur,66.0755,-23.124,-3.71,79,80,11.75,IS,1738736129
179,bredasdorp,-34.5322,20.0403,18.44,76,48,5.44,ZA,1738736130
180,keflavik,64.0049,-22.5624,1.24,64,75,14.92,IS,1738736132
181,kendari,-3.945,122.4989,31.91,56,99,1.2,ID,1738735939
182,yokadouma,3.5167,15.05,19.48,44,100,0.87,CM,1738736138
183,amos,48.5669,-78.1162,-29.42,100,94,1.71,CA,1738736102
184,hamilton,39.1834,-84.5333,1.69,73,0,2.57,US,1738736140
185,twon-brass,4.3151,6.2418,27.68,82,71,5.56,NG,1738736141
186,puerto rico,-26.796,-55.024,23.33,83,5,1.83,AR,1738736142
187,ceerigaabo,10.6162,47.368,17.27,17,13,1.53,SO,1738736117
188,atliaca,17.65,-99.3667,17.08,90,12,2.34,MX,1738736145
189,montrose,38.4166,-108.2673,3.05,45,46,6.21,US,1738736029
190,kalach-na-donu,48.691,43.5264,-1.73,79,4,1.92,RU,1738736147
191,mkokotoni,-5.8767,39.2547,26.98,76,97,8.36,TZ,1738736148
192,masterton,-40.9597,175.6575,20.44,45,10,3.44,NZ,1738736149
193,santa ana,33.7456,-117.8678,14.28,80,75,2.57,US,1738736116
194,menaka,15.9182,2.4022,21.35,15,29,3.75,ML,1738736151
195,gebeit,21.0667,36.3167,19.16,75,5,1.97,SD,1738736153
196,san patricio,28.017,-97.5169,20.97,96,60,4.7,US,1738736154
197,manakara,-22.1333,48.0167,27.26,86,100,3.7,MG,1738735940
198,leua,48.2156,18.6071,-1.65,65,21,1.12,SK,1738736156
199,saint-pierre,-21.3393,55.4781,30.82,70,20,5.14,RE,1738736157
200,daru,-9.0763,143.2092,28.86,77,100,5.4,PG,1738736158
201,vallegrande,-18.4897,-64.1069,13.33,90,12,1.03,BO,1738736159
202,touros,-5.1989,-35.4608,24.69,89,100,3.31,BR,1738736161
203,port elizabeth,-33.918,25.5701,21.84,91,90,3.13,ZA,1738736162
204,inarajan village,13.2736,144.7484,29.54,84,93,8.32,GU,1738736163
205,essaouira,31.5125,-9.77,10.72,76,0,3.09,MA,1738736164
206,zaozersk,69.4005,32.4476,-10.81,74,100,10.6,RU,1738736165
207,taesal-li,36.9714,126.4542,-4.72,59,99,7.0,KR,1738736167
208,fendou,46.65,124.8667,-18.74,82,58,2.11,CN,1738736168
209,palmer,42.1584,-72.3287,-5.04,56,0,2.06,US,1738736169
210,sittwe,20.15,92.9,24.55,44,36,5.1,MM,1738736170
211,shingu,33.7333,135.9833,3.63,59,65,6.75,JP,1738736171
212,ilulissat,69.2167,-51.1,-20.99,71,100,4.63,GL,1738736172
213,benghazi,32.1167,20.0667,15.57,68,65,6.35,LY,1738736174
214,kununurra,-15.7667,128.7333,35.99,49,60,3.6,AU,1738736175
215,manismata,-2.4667,111.0333,26.7,78,99,2.04,ID,1738736176
216,rechka-vydrino,51.485,104.8461,-13.73,79,100,7.86,RU,1738736177
217,suntar,62.1444,117.6319,-28.67,93,99,2.18,RU,1738736178
218,moranbah,-22.0016,148.0466,22.5,96,100,6.01,AU,1738736180
219,raja,8.4596,25.678,25.51,23,84,2.8,SS,1738736182
220,east end,34.5507,-92.341,8.32,100,100,2.01,US,1738736183
221,kuanda,56.3161,116.0806,-21.73,81,100,1.97,RU,1738736184
222,mar del plata,-38.0023,-57.5575,19.91,69,50,0.45,AR,1738735806
223,mormugao,15.4,73.8,28.59,65,40,3.09,IN,1738736186
224,east london,-33.0153,27.9116,25.12,79,77,8.06,ZA,1738736188
225,le vauclin,14.5452,-60.8388,25.03,78,75,4.12,MQ,1738736190
226,valdivia,-39.8142,-73.2459,11.05,93,65,0.49,CL,1738736054
227,plettenberg bay,-34.0527,23.3716,21.19,73,54,5.52,ZA,1738736192
228,tura,25.5198,90.2201,26.28,34,3,2.64,IN,1738736193
229,kodiak,57.79,-152.4072,-4.27,86,0,3.6,US,1738736194
230,kingston,17.997,-76.7936,21.25,87,27,1.86,JM,1738736067
231,enewetak,11.3474,162.3373,26.89,73,100,9.09,MH,1738736196
232,midvagur,62.0511,-7.1939,4.46,65,75,10.8,FO,1738736198
233,gaspe,48.8334,-64.4819,-11.88,52,40,5.66,CA,1738736199
234,alice springs,-23.7,133.8833,36.75,20,40,9.77,AU,1738736200
235,illizi,26.4833,8.4667,11.72,38,100,1.78,DZ,1738736201
236,heroica caborca,30.7167,-112.15,18.07,21,0,2.77,MX,1738736202
237,ves'yegonsk,58.664,37.2604,-10.67,98,76,1.11,RU,1738736203
238,alofi,-19.0595,-169.9187,24.94,94,100,1.54,NU,1738736205
239,daura,11.5538,11.4085,16.91,14,37,4.15,NG,1738736206
240,kilindoni,-7.9139,39.6668,27.27,76,100,8.44,TZ,1738736207
241,mount pearl,47.5166,-52.7813,-5.48,80,20,11.32,CA,1738736208
242,magistral'nyy,56.1725,107.4458,-23.54,82,100,5.33,RU,1738736209
243,akureyri,65.6835,-18.0878,-0.04,64,100,10.29,IS,1738736211
244,dawei,14.0833,98.2,31.46,49,0,5.44,MM,1738736212
245,taulaga,-11.0553,-171.0883,28.85,66,5,5.22,AS,1738736213
246,wailua homesteads,22.0669,-159.378,18.44,68,0,2.06,US,1738736214
247,port alfred,-33.5906,26.891,22.88,90,100,3.13,ZA,1738736216
248,daoukro,7.0591,-3.9631,20.62,32,23,0.31,CI,1738736217
249,carutapera,-1.195,-46.02,24.12,95,96,2.22,BR,1738736218
250,khanpur mahar,27.8436,69.4137,22.58,12,0,1.94,PK,1738736219
251,tarawa,1.419,172.984,28.05,78,20,8.23,KI,1738736220
252,kavaratti,10.5669,72.642,27.85,69,50,4.39,IN,1738736221
253,tokuyama,34.05,131.8167,2.58,41,89,8.83,JP,1738736222
254,kilju,40.9642,129.3278,-8.71,41,50,3.16,KP,1738736223
255,buala,-8.145,159.5921,29.57,68,100,1.65,SB,1738736225
256,san agustin de valle fertil,-30.6335,-67.4682,24.63,52,36,1.04,AR,1738736227
257,auki,-8.7676,160.7034,29.85,67,98,0.75,SB,1738736228
258,al bardiyah,31.7561,25.0865,13.84,75,59,6.32,LY,1738736229
259,gadzhiyevo,69.2551,33.3362,-12.73,83,100,10.63,RU,1738736230
260,college,64.8569,-147.8028,-12.01,77,100,0.0,US,1738736232
261,portland,45.5234,-122.6762,2.97,85,100,2.06,US,1738735812
262,dudinka,69.4058,86.1778,-27.81,99,44,1.05,RU,1738736234
263,qamdo,31.1667,97.2333,10.54,15,8,5.37,CN,1738736235
264,lubango,-14.9172,13.4925,16.52,98,100,0.89,AO,1738736236
265,shohimardon,39.9839,71.8028,2.24,52,82,1.32,UZ,1738736237
266,north platte,41.1239,-100.7654,-8.06,59,20,4.63,US,1738736238
267,bandon,51.7469,-8.7425,3.77,78,73,1.7,IE,1738736240
268,burley,42.5357,-113.7928,3.98,81,0,0.0,US,1738736241
269,iwanai,42.9744,140.5089,0.7,83,100,10.82,JP,1738736242
270,marsh harbour,26.5412,-77.0636,22.13,74,7,2.85,BS,1738736243
271,perugorria,-29.3413,-58.6106,28.15,38,0,2.68,AR,1738736244
272,telenesti,47.4997,28.3656,-1.63,79,87,3.92,MD,1738736245
273,san ignacio,17.1561,-89.0714,23.08,94,40,0.0,BZ,1738736248
274,kashgar,39.4547,75.9797,-1.44,31,40,3.0,CN,1738736250
275,malvan,16.0667,73.4667,28.62,36,53,1.26,IN,1738736251
276,ciudad lazaro cardenas,17.9583,-102.2,22.83,86,0,1.96,MX,1738736252
277,pokrovka,42.3414,78.0056,-2.31,78,11,1.3,KG,1738736253
278,cill airne,52.05,-9.5167,4.25,84,77,1.6,IE,1738736255
279,harper,4.375,-7.7169,25.79,85,30,1.8,LR,1738736127
280,usogorsk,63.4106,48.6872,-4.47,94,100,2.44,RU,1738736257
281,margate,51.3813,1.3862,4.83,88,8,5.77,GB,1738736008
282,ulladulla,-35.35,150.4667,21.41,86,90,2.55,AU,1738736260
283,berberati,4.2612,15.7922,20.58,30,83,0.42,CF,1738736263
284,ksour essaf,35.4181,10.9948,10.65,87,100,4.12,TN,1738736017
285,kristiansund,63.1115,7.732,6.18,87,75,6.69,NO,1738736265
286,paoua,7.2427,16.4406,21.6,22,90,1.46,CF,1738736266
287,jwaneng,-24.6004,24.7303,25.53,42,3,5.52,BW,1738736267
288,amga,60.8953,131.9608,-26.81,90,44,0.78,RU,1738736268
289,lautoka,-17.6167,177.4667,25.92,89,75,6.17,FJ,1738736270
290,tolanaro,-25.0319,46.9987,25.21,93,100,5.23,MG,1738736271
291,lithgow,-33.4833,150.15,15.39,97,91,4.95,AU,1738736272
292,sydney,-33.8679,151.2073,27.16,79,75,8.23,AU,1738736267
293,puerto colombia,10.9878,-74.9547,26.05,81,93,12.17,CO,1738736274
294,patacamaya,-17.2333,-67.9167,7.2,90,7,3.18,BO,1738736275
295,arawa,-6.2132,155.5367,29.83,68,100,2.0,PG,1738736276
296,achinsk,56.2694,90.4993,-15.35,87,86,3.09,RU,1738736278
297,xiongzhou,25.1167,114.3,13.65,38,66,1.45,CN,1738736279
298,fale old settlement,-9.3852,-171.2468,28.86,70,7,6.3,TK,1738736280
299,hadibu,12.65,54.0333,23.03,62,17,5.73,YE,1738736281
300,nantucket,41.2835,-70.0995,-2.94,50,0,9.5,US,1738736258
301,ulsan,35.5372,129.3167,1.03,27,21,6.17,KR,1738736017
302,newman,37.3138,-121.0208,12.8,91,100,2.24,US,1738736285
303,pachperwa,27.5167,82.65,29.95,29,0,7.02,IN,1738736286
304,novoishimskiy,53.1981,66.7694,-7.81,91,88,3.77,KZ,1738736287
305,bela,25.9333,81.9833,28.34,32,19,3.86,IN,1738736288
306,barah,13.7,30.3667,22.49,27,0,5.2,SD,1738736289
307,jacksonville,30.3322,-81.6556,16.0,91,0,1.54,US,1738735564
308,nizhnesortymskiy,62.4397,71.7603,-5.83,95,100,2.59,RU,1738736292
309,sitka,57.0531,-135.33,1.94,44,0,2.57,US,1738736293
310,thinadhoo,0.5333,72.9333,27.77,68,15,5.12,MV,1738736294
311,laojunmiao,39.8333,97.7333,-8.65,55,95,2.86,CN,1738736295
312,biograd na moru,43.9433,15.4519,0.39,47,0,1.72,HR,1738736296
313,fortuna,40.5982,-124.1573,2.42,97,100,4.12,US,1738736297
314,saint-laurent-du-maroni,5.5039,-54.0289,23.06,98,100,1.04,GF,1738736298
315,nago,26.5881,127.9761,14.29,49,65,6.03,JP,1738736300
316,panjab,34.388,67.0233,-14.21,83,74,1.48,AF,1738736301
317,bouar,5.934,15.596,20.23,24,99,1.58,CF,1738736302
318,fray luis beltran,-39.3167,-65.7667,20.64,49,100,5.8,AR,1738736303
319,la junta,37.985,-103.5438,-6.84,86,0,3.6,US,1738736304
320,merizo village,13.2658,144.6691,29.31,84,94,8.13,GU,1738736305
321,aban,56.67,96.06,-14.19,87,88,3.63,RU,1738736306
322,wenatchee,47.4235,-120.3103,-3.84,72,100,2.06,US,1738736257
323,katima mulilo,-17.5,24.2667,21.32,87,60,2.19,NA,1738736309
324,dingzhou,38.5131,114.9956,1.75,10,0,4.34,CN,1738736296
325,tucuma,-0.1833,-50.05,24.33,93,96,2.12,BR,1738736311
326,bocas del toro,9.3333,-82.25,24.81,79,11,3.12,PA,1738736312
327,surgut,61.25,73.4167,-8.9,100,100,2.0,RU,1738736313
328,walvis bay,-22.9575,14.5053,19.1,85,96,1.92,NA,1738736315
329,riosucio,5.4216,-75.7032,15.82,97,99,0.41,CO,1738736316
330,shenjiamen,29.9576,122.298,10.35,47,5,6.95,CN,1738736317
331,nouadhibou,20.931,-17.0347,15.99,67,0,7.2,MR,1738736318
332,hilo,19.7297,-155.09,21.85,86,100,3.09,US,1738736043
333,khvoynaya,58.9,34.5333,-14.05,97,60,1.32,RU,1738736320
334,cabo san lucas,22.8909,-109.9124,16.98,54,0,4.67,MX,1738736279
335,hasaki,35.7333,140.8333,6.84,41,59,9.22,JP,1738736323
336,chongwe,-15.3292,28.682,19.71,94,100,1.9,ZM,1738736324
337,roma,43.2128,-75.4557,-8.92,62,100,3.6,US,1738736325
338,agat village,13.3886,144.6585,29.52,83,100,8.23,GU,1738736326
339,gounou gaya,9.6294,15.5132,20.8,20,65,2.41,TD,1738736327
340,lerwick,60.1545,-1.1494,6.01,70,77,11.03,GB,1738736328
341,punta arenas,-53.15,-70.9167,9.06,66,0,5.66,CL,1738736244
342,jaru,-10.4389,-62.4664,22.15,98,100,1.16,BR,1738736331
343,cozumel,20.5083,-86.9458,22.19,91,5,5.68,MX,1738736332
344,ormara,25.2088,64.6357,20.63,19,0,1.98,PK,1738736333
345,tucumcari,35.1717,-103.725,7.91,71,0,4.63,US,1738736334
346,palikir - national government center,6.9248,158.1611,30.47,76,75,5.66,FM,1738736335
347,uturoa,-16.7333,-151.4333,28.15,73,31,4.73,PF,1738736337
348,minas de marcona,-15.2119,-75.1103,18.77,84,100,2.16,PE,1738736047
349,ust-tsilma,65.441,52.1498,-13.05,98,65,2.01,RU,1738736340
350,nay pyi taw,19.745,96.1297,32.24,25,2,5.37,MM,1738736341
351,imbituba,-28.24,-48.6703,22.19,78,75,1.14,BR,1738736342
352,kingaroy,-26.5333,151.8333,19.93,89,100,3.57,AU,1738736343
353,mcfarland,35.678,-119.2293,11.92,71,0,2.06,US,1738736344
354,jawad,24.6,74.85,22.2,18,0,4.19,IN,1738736346
355,raja jang,31.2208,74.2519,20.97,17,0,2.29,PK,1738736347
356,pacocha,-17.5833,-71.3333,22.08,88,59,2.08,PE,1738736348
357,kailua-kona,19.6406,-155.9956,22.98,78,0,4.63,US,1738736350
358,ma'rib,15.4591,45.3253,19.03,12,3,0.93,YE,1738736352
359,posse,-14.0931,-46.3694,20.44,82,98,1.27,BR,1738736353
360,siparia,10.1333,-61.5,23.04,88,66,3.46,TT,1738736355
361,filadelfia,39.9523,-75.1638,0.3,64,75,2.57,US,1738736074
362,saint-philippe,-21.3585,55.7679,29.36,75,38,6.14,RE,1738736357
363,lamu,-2.2717,40.902,26.01,77,98,5.73,KE,1738736358
364,saipan,15.1355,145.701,31.39,75,40,7.72,MP,1738736359
365,kiunga,-6.1219,141.2906,29.49,74,77,1.5,PG,1738736361
366,dhidhdhoo,6.8833,73.1,27.62,71,3,2.59,MV,1738736362
367,bangui,4.3612,18.555,25.14,31,53,1.09,CF,1738736363
368,show low,34.2542,-110.0298,12.16,19,0,9.26,US,1738736364
369,oriximina,-1.7656,-55.8661,23.94,91,100,0.46,BR,1738736365
370,camalu,30.85,-116.0667,11.56,89,0,2.13,MX,1738736367
371,cabedelo,-6.9811,-34.8339,23.37,84,100,3.88,BR,1738736368
372,zhalantun,48.0,122.7167,-19.8,76,7,1.11,CN,1738736262
373,atar,20.5169,-13.0499,14.12,24,0,3.53,MR,1738736370
374,mumford,5.2618,-0.759,26.56,88,68,4.26,GH,1738736371
375,ancud,-41.8697,-73.8203,12.33,81,47,1.58,CL,1738736154
376,igarka,67.4667,86.5833,-20.18,86,73,3.42,RU,1738736373
377,kayangel,8.0823,134.7173,28.38,72,96,6.64,PW,1738736375
378,duck lake,52.8168,-106.2344,-19.51,98,100,0.97,CA,1738736376
379,kudahuvadhoo,2.6708,72.8944,27.47,68,1,6.08,MV,1738736323
380,smithers,54.7804,-127.1743,-22.82,77,0,0.0,CA,1738736378
381,nova vicosa,-17.8919,-39.3719,23.46,90,1,2.15,BR,1738736297
382,labrador city,52.9463,-66.9114,-26.05,64,20,2.57,CA,1738736380
383,christchurch,-43.5333,172.6333,19.07,65,54,5.66,NZ,1738736032
384,port isabel,26.0734,-97.2086,22.02,96,100,4.12,US,1738736383
385,laguna,38.421,-121.4238,9.1,90,0,7.2,US,1738736384
386,mont-dore,-22.2833,166.5833,27.22,99,97,2.68,NC,1738736385
387,luena,-11.7833,19.9167,17.57,97,100,1.33,AO,1738736386
388,zlatograd,41.3833,25.1,-1.67,84,25,1.71,BG,1738736387
389,rongelap,11.1635,166.8941,26.71,74,91,10.0,MH,1738736388
390,kholmskiy,44.8469,38.385,0.73,67,8,0.33,RU,1738736390
391,kamina,-8.7386,24.9906,19.68,94,100,0.5,CD,1738736391
392,carnarvon,-24.8667,113.6333,29.07,66,8,4.3,AU,1738736392
393,freeport,40.6576,-73.5832,-0.55,55,0,5.14,US,1738736393
394,maintirano,-18.0667,44.0167,27.01,80,100,2.48,MG,1738736394
395,plasencia,40.0312,-6.0885,3.79,79,72,1.28,ES,1738736395
396,la'ie,21.6477,-157.9253,21.17,77,77,2.68,US,1738736396
397,martapura,-3.4167,114.85,32.05,62,20,5.66,ID,1738736289
398,quarai,-30.3875,-56.4514,26.51,35,0,4.23,BR,1738736216
399,al kharj,24.155,47.3346,17.32,12,34,6.51,SA,1738736225
400,batamshinskiy,50.5594,58.2747,-9.15,86,100,8.32,KZ,1738736401
401,dakhla,23.6848,-15.958,15.01,72,0,10.8,EH,1738736402
402,nampula,-15.1165,39.2666,22.9,88,100,2.84,MZ,1738736403
403,ramtown,40.1209,-74.1438,-0.13,67,0,1.34,US,1738736404
404,banjarmasin,-3.3244,114.591,32.08,55,98,3.34,ID,1738736405
405,sakiai,54.9547,23.0358,-0.52,91,83,2.6,LT,1738736407
406,kapuskasing,49.4169,-82.4331,-21.0,77,57,3.6,CA,1738736162
407,tilcara,-23.5776,-65.3509,9.55,79,7,0.88,AR,1738736409
408,keffi,8.8486,7.8736,22.91,19,23,0.61,NG,1738736410
409,goure,13.9835,10.2704,16.33,12,1,4.29,NE,1738736411
410,arraial do cabo,-22.9661,-42.0278,23.99,90,100,9.24,BR,1738736412
411,alotau,-10.3069,150.4462,28.43,74,99,3.81,PG,1738736413
412,flekkefjord,58.2971,6.6607,3.68,88,84,5.07,NO,1738736415
413,chake chake,-5.2459,39.7666,28.15,66,99,7.18,TZ,1738736416
414,xining,36.6167,101.7667,-7.27,54,100,1.8,CN,1738736393
415,santa terezinha,-29.9002,-50.0904,24.29,93,6,3.41,BR,1738736418
416,paita,-5.0892,-81.1144,22.74,79,99,4.35,PE,1738736419
417,ta`u,-14.2336,-169.5144,28.38,72,22,2.66,AS,1738736420
418,tamanrasset,22.785,5.5228,14.95,20,0,4.12,DZ,1738736421
419,hotan,37.0997,79.9269,0.53,32,100,1.55,CN,1738736423
420,kargasok,59.0556,80.8572,-15.96,92,38,1.27,RU,1738736424
421,meadow lakes,61.6247,-149.6011,-12.74,87,0,0.0,US,1738736425
422,richards bay,-28.783,32.0377,28.33,71,1,7.09,ZA,1738736426
423,weno,7.4515,151.8468,29.97,84,100,6.17,FM,1738736427
424,sumter,28.7086,-82.0831,15.53,91,100,1.51,US,1738736416
425,crane,31.3974,-102.3501,19.42,67,23,9.7,US,1738736429
426,burang,30.25,81.1667,-6.37,66,71,3.81,CN,1738736431
427,altay,47.8667,88.1167,-10.58,66,0,0.42,CN,1738736292
428,bozeman,45.6796,-111.0386,-19.73,81,75,3.09,US,1738736433
429,galle,6.0367,80.217,28.65,66,30,3.98,LK,1738736434
430,nizhneangarsk,55.7833,109.55,-22.9,60,26,5.43,RU,1738736435
431,anadyr,64.75,177.4833,-33.72,66,0,6.0,RU,1738736436
432,lompoc,34.6391,-120.4579,13.4,85,100,9.26,US,1738736438
433,berriane,32.8265,3.7669,7.33,60,8,3.17,DZ,1738736439
434,al badari,26.9926,31.4155,13.78,67,44,4.05,EG,1738736440
435,derazhnya,49.2692,27.4338,-3.3,96,93,3.08,UA,1738736441
436,holbrook,40.8123,-73.0784,-1.01,59,0,4.63,US,1738736326
437,alaghsas,17.0187,8.0168,17.94,17,80,4.12,NE,1738736444
438,remontnoye,46.5614,43.6501,-0.5,78,7,3.39,RU,1738736445
439,madhubani,26.3667,86.0833,25.03,27,83,2.66,IN,1738736446
440,sibolga,1.7427,98.7792,28.37,68,100,0.6,ID,1738736447
441,yaren,-0.5472,166.916,27.13,83,95,7.14,NR,1738736448
442,tangara,-6.1994,-35.8017,23.85,82,100,2.42,BR,1738736449
443,toliara,-23.35,43.6667,28.83,65,28,5.06,MG,1738736450
444,ust-nera,64.5667,143.2,-38.97,96,53,1.68,RU,1738736452
445,mpanda,-6.3655,31.0409,20.26,92,98,1.17,TZ,1738736453
446,kourou,5.1552,-52.6478,23.95,93,91,2.35,GF,1738736454
447,argo,37.6333,22.7333,5.07,83,54,1.47,GR,1738736455
448,at taj,24.2049,23.2857,12.03,46,83,4.72,LY,1738736311
449,pursat,12.3333,103.6667,32.15,29,3,2.21,KH,1738736457
450,darwin,-12.4611,130.8418,30.53,84,75,5.66,AU,1738736459
451,soio,-6.1349,12.3689,26.67,88,100,3.82,AO,1738736460
452,fort bragg,35.139,-79.006,12.85,72,0,5.14,US,1738736461
453,encantado,-29.2361,-51.8697,26.14,80,0,1.37,BR,1738736402
454,petukhovo,55.0692,67.9019,-2.74,95,93,3.1,RU,1738736463
455,mokhsogollokh,61.4681,128.9203,-29.43,94,84,1.19,RU,1738736464
456,mount isa,-20.7333,139.5,34.87,46,40,3.6,AU,1738736466
457,santander,43.4647,-3.8044,9.14,76,75,2.24,ES,1738736268
458,westwood,42.214,-71.2245,-5.36,59,0,3.13,US,1738736401
459,guiyang,26.5833,106.7167,6.27,70,100,3.0,CN,1738736470
460,bemidji,47.4736,-94.8803,-15.53,66,100,0.0,US,1738736359
461,banda aceh,5.5577,95.3222,30.11,57,100,2.73,ID,1738736473
462,bamboo flat,11.7,92.7167,29.05,70,40,3.6,IN,1738736474
463,red bank,40.3471,-74.0643,-0.08,59,0,5.36,US,1738736465
464,el bauga,18.262,33.9081,22.48,68,0,5.32,SD,1738736476
465,bom jesus,-9.0744,-44.3586,20.61,67,70,0.14,BR,1738736477
466,hirara,24.8,125.2833,17.15,48,40,4.12,JP,1738736750
467,ulundi,-28.3352,31.4162,26.17,66,18,2.29,ZA,1738736751
468,asan-maina village,13.4722,144.7165,29.39,77,100,8.23,GU,1738736752
469,nikolayevsk-on-amure,53.1406,140.73,-5.79,94,100,7.41,RU,1738736753
470,mgandu,-5.95,34.1333,19.51,87,89,1.15,TZ,1738736755
471,nova sintra,14.8667,-24.7167,21.44,67,76,9.93,CV,1738736756
472,lahad datu,5.0268,118.327,26.0,91,100,2.3,MY,1738736757
473,kidal,18.4411,1.4078,21.98,23,99,3.42,ML,1738736758
474,ca mau,9.1769,105.15,34.59,32,16,3.45,VN,1738736759
475,robore,-18.3333,-59.75,23.55,72,75,1.75,BO,1738736760
476,lata,40.1629,-8.3327,4.17,84,12,1.89,PT,1738736763
477,qarauyl,48.9451,79.255,-12.65,92,100,2.96,KZ,1738736764
478,magadan,59.5667,150.8,-21.79,83,6,2.03,RU,1738736754
479,san ignacio de velasco,-16.3667,-60.95,21.82,87,100,1.62,BO,1738736766
480,villefranche-sur-mer,43.7047,7.3078,8.8,77,0,4.12,FR,1738736767
481,coronel dorrego,-38.7187,-61.2873,15.76,53,84,6.37,AR,1738736768
482,san antonio,29.4241,-98.4936,20.9,86,75,4.12,US,1738736300
483,kinwat,19.6333,78.2,32.15,23,30,2.07,IN,1738736771
484,naze,28.3667,129.4833,10.51,50,96,9.44,JP,1738736772
485,colonia,50.9333,6.95,1.64,91,100,1.03,DE,1738736773
486,rodolfo sanchez taboada,31.7167,-116.5667,10.61,86,13,1.34,MX,1738736774
487,tomatlan,19.9333,-105.25,18.72,58,0,0.93,MX,1738736775
488,natal,-5.795,-35.2094,24.12,94,75,3.09,BR,1738736531
489,buka,40.8108,69.1986,7.37,37,90,0.32,UZ,1738736778
490,madinat sittah uktubar,29.8167,31.05,12.5,84,75,3.53,EG,1738736779
491,kirakira,-10.4544,161.9205,28.69,77,96,2.17,SB,1738736780
492,ocos,14.5094,-92.1933,26.29,77,0,1.18,GT,1738736781
493,yenotayevka,47.2456,47.0281,1.12,99,100,3.54,RU,1738736782
494,shubarshi,48.5872,57.1869,-8.72,88,95,5.55,KZ,1738736783
495,igrim,63.1906,64.4162,-19.8,98,97,1.33,RU,1738736785
496,sabang,5.8933,95.3214,26.97,78,87,8.31,ID,1738736787
497,nagqu,31.5,92.0,6.45,7,0,12.06,CN,1738736788
498,andergrove,-21.0833,149.1833,24.23,93,100,2.71,AU,1738736789
499,key west,24.5557,-81.7826,23.0,88,0,4.12,US,1738736580
500,sinop,41.7711,34.8709,-1.15,97,100,2.34,TR,1738736792
501,bakaly,55.1789,53.8028,-7.41,86,100,1.93,RU,1738736793
502,broome,42.2506,-75.833,-6.37,78,100,4.63,US,1738736795
503,santiago de cuba,20.0247,-75.8219,24.06,73,20,5.14,CU,1738736796
504,cidreira,-30.1811,-50.2056,24.71,96,3,4.21,BR,1738736797
505,tarija,-21.5355,-64.7296,17.91,56,23,1.49,BO,1738736571
506,kerikeri,-35.2268,173.9474,22.48,57,46,2.76,NZ,1738736800
507,severo-yeniseyskiy,60.3725,93.0408,-16.13,91,91,1.01,RU,1738736801
508,beyneu,45.3167,55.2,0.25,71,69,4.61,KZ,1738736802
509,vernon,50.2581,-119.2691,-11.42,50,95,3.13,CA,1738736629
510,araria,26.15,87.5167,25.7,26,6,1.66,IN,1738736804
511,qulsary,46.9531,54.0198,-5.73,82,99,5.43,KZ,1738736805
512,terrace,54.5163,-128.6035,-9.05,52,0,8.75,CA,1738736806
513,korocha,50.8107,37.1953,-2.49,92,100,5.67,RU,1738736808
514,san antonio de pale,-1.4014,5.6325,27.25,81,99,4.97,GQ,1738736809
515,rabaul,-4.1967,152.1721,29.25,70,91,6.79,PG,1738736810
516,rawson,-43.3002,-65.1023,14.16,77,0,3.09,AR,1738736621
517,kampong speu,11.5,104.3333,32.99,30,57,3.94,KH,1738736812
518,bayanhongor,46.7167,100.1167,-23.83,87,7,1.66,MN,1738736813
519,ha'il,27.5219,41.6907,16.01,31,0,5.14,SA,1738736814
520,geraldton,-28.7667,114.6,35.23,28,5,5.14,AU,1738736816
521,san luis,-33.295,-66.3356,23.35,59,27,2.5,AR,1738736817
522,alo,6.5486,4.2686,26.26,89,80,2.35,NG,1738736818
523,mae hong son,19.3003,97.9685,29.08,51,20,1.54,TH,1738736819
524,sungai pelek new village,2.65,101.7,29.05,58,20,2.57,MY,1738736820
525,pauini,-7.7136,-66.9764,23.07,95,100,0.28,BR,1738736821
526,beledweyne,4.7358,45.2036,26.38,54,78,8.43,SO,1738736822
527,villa regina,-39.1,-67.0667,18.88,41,94,1.34,AR,1738736824
528,huilong,31.8111,121.655,9.06,38,43,6.79,CN,1738736807
529,sagua la grande,22.8067,-80.0756,21.78,86,60,3.62,CU,1738736826
530,rohtak,28.9,76.5667,20.35,33,0,3.34,IN,1738736827
531,upper dir,35.2058,71.8756,7.5,34,28,1.77,PK,1738736828
532,lazaro cardenas,17.9583,-102.2,22.8,84,0,1.82,MX,1738736829
533,kindu,-2.95,25.95,22.36,95,100,1.12,CD,1738736830
534,jutai,-5.1833,-68.9,22.44,99,67,1.13,BR,1738736832
535,ceeldheer,3.8488,47.1806,26.61,65,82,9.52,SO,1738736833
536,vila franca do campo,37.7167,-25.4333,18.27,99,100,4.23,PT,1738736834
537,mangrol,21.1167,70.1167,23.75,42,0,4.63,IN,1738736835
538,isangel,-19.55,169.2667,25.06,100,100,0.0,VU,1738736836
539,selfoss,63.9331,-20.9971,0.58,67,99,12.86,IS,1738736837
540,les cayes,18.2,-73.75,23.37,76,44,2.54,HT,1738736838
541,ghat,24.9647,10.1728,14.55,25,100,2.13,LY,1738736839
542,cole harbour,44.6724,-63.4751,-8.93,73,48,5.67,CA,1738736841
543,sao vicente,-23.9631,-46.3919,25.62,80,100,1.3,BR,1738736569
544,port augusta,-32.5,137.7667,30.82,33,0,9.35,AU,1738736843
545,pisco,-13.7,-76.2167,22.03,83,0,2.57,PE,1738736846
546,sinmak,38.4167,126.2333,-8.62,51,45,9.47,KP,1738736847
547,montagu,-40.7667,144.9667,17.93,70,98,2.29,AU,1738736848
548,parkes,-33.1333,148.1833,36.31,23,49,0.45,AU,1738736849
549,hobyo,5.3505,48.5268,25.91,68,59,9.99,SO,1738736850
550,castillos,-34.1667,-53.8333,23.35,93,81,3.34,UY,1738736851
551,westport,41.1415,-73.3579,-1.56,60,0,3.09,US,1738736853
552,wyrzysk,53.153,17.268,-0.79,66,42,2.53,PL,1738736854
553,issenye,-2.0,34.3333,20.73,71,85,1.79,TZ,1738736856
554,mao,39.8885,4.2658,8.31,87,0,2.06,ES,1738736857
555,chorbane,35.2858,10.3858,10.01,85,56,5.18,TN,1738736858
556,trincomalee,8.5711,81.2335,26.98,72,100,6.13,LK,1738736859
557,bodaybo,57.8506,114.1933,-21.72,82,89,1.64,RU,1738736860
558,fort mcmurray,56.7268,-111.381,-21.23,71,100,3.6,CA,1738736862
559,illingen,49.3667,7.05,-1.75,92,100,1.54,DE,1738736864
560,lijiang,26.8688,100.2207,17.12,28,5,3.93,CN,1738736865
561,callao,-12.0667,-77.15,24.29,88,40,5.14,PE,1738736702
562,bel ombre,-4.6167,55.4167,26.76,77,84,4.45,SC,1738736867
563,lossiemouth,57.7214,-3.2834,2.95,82,0,6.17,GB,1738736869
564,shahecheng,36.9383,114.5058,3.55,10,0,1.45,CN,1738736870
